album_means_acoustic_features,artist_means_acoustic_features,GroupCount_means_acoustic_features,mean_danceability,mean_duration_ms,mean_liveness,mean_tempo,album_means_albums,artist_means_albums,GroupCount_means_albums,mean_rank
"I Am > I Was","21 Savage",15,0.871733333333333,204345.2,0.177453333333333,126.265066666667,"I Am > I Was","21 Savage",3,1.33333333333333
"Hoodie SZN","A Boogie Wit da Hoodie",20,0.7559,185234.25,0.111985,122.3075,"Hoodie SZN","A Boogie Wit da Hoodie",3,1.66666666666667
"Championships","Meek Mill",19,0.658105263157895,219174.473684211,0.258731578947368,114.134578947368,"Championships","Meek Mill",6,3
"A Star Is Born (Soundtrack)","Lady Gaga & Bradley Cooper",34,0.499676470588235,124016.441176471,0.426838235294118,96.0940882352941,"A Star Is Born (Soundtrack)","Lady Gaga & Bradley Cooper",14,3.92857142857143
"Farm Tour: Here's To The Farmer (EP)","Luke Bryan",5,0.5158,209695.8,0.17376,133.3436,"Farm Tour: Here's To The Farmer (EP)","Luke Bryan",1,4
"The Peace And The Panic","Neck Deep",11,0.524818181818182,215521.727272727,0.193518181818182,130.357,"The Peace And The Panic","Neck Deep",1,4
"AFI (The Blood Album)","AFI",12,0.42925,223412.25,0.187391666666667,130.334916666667,"AFI (The Blood Album)","AFI",1,5
"Scorpion","Drake",25,0.71004,217055.96,0.184212,121.66348,"Scorpion","Drake",28,5.5
"ASTROWORLD","Travis Scott",17,0.686764705882353,207192.176470588,0.190241176470588,135.853588235294,"ASTROWORLD","Travis Scott",23,5.91304347826087
"beerbongs & bentleys","Post Malone",18,0.647833333333333,214114.222222222,0.149611111111111,136.384444444444,"beerbongs & bentleys","Post Malone",37,6.32432432432432
"Spider-Man: Into The Spider-Verse","Soundtrack",13,0.677538461538462,192457.461538462,0.179369230769231,112.900615384615,"Spider-Man: Into The Spider-Verse","Soundtrack",4,6.5
"Dying To Live","Kodak Black",16,0.7429375,179589.125,0.17988125,128.1656875,"Dying To Live","Kodak Black",4,7
"Other People's Stuff","John Mellencamp",10,0.5496,206341.9,0.22926,136.5853,"Other People's Stuff","John Mellencamp",1,7
"After Hours","Timeflies",14,0.6085,200317.142857143,0.142507142857143,128.273928571429,"After Hours","Timeflies",1,8
"EPIC AF (Yellow/Pink)","Various Artists",15,0.742066666666667,214722.933333333,0.217813333333333,133.621266666667,"EPIC AF (Yellow/Pink)","Various Artists",6,8.5
"Summer Latin Hits 2017","Various Artists",15,0.702866666666667,212756.333333333,0.159733333333333,139.202266666667,"Summer Latin Hits 2017","Various Artists",2,8.5
"Brand New","Ben Rector",12,0.553916666666667,216853.416666667,0.1041,140.2015,"Brand New","Ben Rector",1,9
"Did It For The Party","Big & Rich",13,0.575846153846154,193443.076923077,0.205476923076923,137.369153846154,"Did It For The Party","Big & Rich",1,9
"Last Young Renegade","All Time Low",10,0.5479,219012.1,0.19015,125.1792,"Last Young Renegade","All Time Low",1,9
"The Greatest Showman","Soundtrack",9,0.609111111111111,293267,0.108233333333333,114.429777777778,"The Greatest Showman","Soundtrack",56,10.4285714285714
"Lifers","Cody Jinks",11,0.504727272727273,233253.454545455,0.232790909090909,128.616181818182,"Lifers","Cody Jinks",1,11
"Mobile Orchestra","Owl City",10,0.6059,215505.9,0.15348,114.0058,"Mobile Orchestra","Owl City",1,11
"Vessels","Starset",15,0.311266666666667,281956.4,0.207526666666667,116.1292,"Vessels","Starset",1,11
"Calibraska (EP)","Jack & Jack",4,0.766,207114.75,0.123425,111.31775,"Calibraska (EP)","Jack & Jack",1,12
"Coma Ecliptic","Between The Buried And Me",11,0.297090909090909,374363.545454545,0.177572727272727,125.952636363636,"Coma Ecliptic","Between The Buried And Me",1,12
"I Make The Static (EP)","Joy Villa",5,0.5908,191264.2,0.12312,128.9282,"I Make The Static (EP)","Joy Villa",1,12
"Goodbye & Good Riddance","Juice WRLD",17,0.639823529411765,167675.941176471,0.272847058823529,130.019352941176,"Goodbye & Good Riddance","Juice WRLD",34,12.5882352941176
"Invasion Of Privacy","Cardi B",13,0.844307692307692,222941.769230769,0.168769230769231,134.707307692308,"Invasion Of Privacy","Cardi B",40,12.8
"Closer","Mike Stud",14,0.713857142857143,197268.5,0.172157142857143,96.4871428571429,"Closer","Mike Stud",1,13
"รท (Divide)","Ed Sheeran",16,0.6610625,223370.9375,0.14038125,105.5390625,"รท (Divide)","Ed Sheeran",96,13.5208333333333
"?","XXXTENTACION",18,0.677333333333333,125311,0.1686,117.508055555556,"?","XXXTENTACION",43,13.5813953488372
"Drip Harder","Lil Baby & Gunna",13,0.770230769230769,179426.769230769,0.175715384615385,128.934384615385,"Drip Harder","Lil Baby & Gunna",14,13.9285714285714
"Do It Again (EP)","Royksopp & Robyn",5,0.5654,425242.8,0.17348,134.574,"Do It Again (EP)","Royksopp & Robyn",1,14
"Vale","Black Veil Brides",12,0.4535,233284.583333333,0.229725,121.58225,"Vale","Black Veil Brides",1,14
"Sweetener","Ariana Grande",15,0.6872,190124.466666667,0.14294,116.115666666667,"Sweetener","Ariana Grande",21,14.2380952380952
"Down The Road Wherever","Mark Knopfler",16,0.6806875,294652.3125,0.10494375,96.545125,"Down The Road Wherever","Mark Knopfler",1,15
"Glory Sound Prep","Jon Bellion",10,0.5075,259760.1,0.2488,127.4326,"Glory Sound Prep","Jon Bellion",1,15
"Immortal","For Today",11,0.285,204280.181818182,0.316436363636364,124.436727272727,"Immortal","For Today",1,15
"Retrograde","Crown The Empire",11,0.420363636363636,208921.181818182,0.2276,125.988,"Retrograde","Crown The Empire",1,15
"The Stories We Tell Ourselves","Nothing More",18,0.390411111111111,196246.944444444,0.211377777777778,132.550444444444,"The Stories We Tell Ourselves","Nothing More",1,15
"Realer","YoungBoy Never Broke Again",12,0.70075,167016.5,0.204183333333333,140.647,"Realer","YoungBoy Never Broke Again",3,15.3333333333333
"Stoney","Post Malone",18,0.599944444444445,227940.722222222,0.133555555555556,112.523222222222,"Stoney","Post Malone",108,15.5
"Tha Carter V","Lil Wayne",23,0.734521739130435,229314.913043478,0.200195652173913,117.034,"Tha Carter V","Lil Wayne",15,15.7333333333333
"Erase Me","Underoath",11,0.462272727272727,219590.363636364,0.321909090909091,120.003909090909,"Erase Me","Underoath",1,16
"Prophets Of Rage","Prophets Of Rage",12,0.588083333333333,198016.583333333,0.125141666666667,129.372833333333,"Prophets Of Rage","Prophets Of Rage",1,16
"Integrity Blues","Jimmy Eat World",11,0.465454545454546,254964.909090909,0.174,102.636818181818,"Integrity Blues","Jimmy Eat World",1,17
"Pound Syndrome","Hopsin",14,0.655928571428571,252585.785714286,0.218428571428571,119.699357142857,"Pound Syndrome","Hopsin",1,17
"The Turnpike Troubadours","The Turnpike Troubadours",12,0.471083333333333,222937.75,0.20575,122.508333333333,"The Turnpike Troubadours","The Turnpike Troubadours",1,17
"Bohemian Rhapsody (Soundtrack)","Queen",22,0.438090909090909,217937.954545455,0.472868181818182,112.937181818182,"Bohemian Rhapsody (Soundtrack)","Queen",12,17.1666666666667
"X 100PRE","Bad Bunny",15,0.7338,215772.6,0.158833333333333,130.888466666667,"X 100PRE","Bad Bunny",3,17.3333333333333
"DUMMY BOY","6ix9ine",13,0.772692307692308,159652.769230769,0.141438461538462,115.836230769231,"DUMMY BOY","6ix9ine",7,17.4285714285714
"Book Of Shadows II","Zakk Wylde",15,0.4266,278391.533333333,0.153893333333333,125.489266666667,"Book Of Shadows II","Zakk Wylde",1,18
"Sister Cities","The Wonder Years",11,0.362090909090909,238177.636363636,0.1146,127.063272727273,"Sister Cities","The Wonder Years",1,18
"Tomorrow We Live","KB",14,0.659571428571429,215986.071428571,0.2317,116.386785714286,"Tomorrow We Live","KB",1,18
"Big Boat","Phish",13,0.585846153846154,310696.076923077,0.120330769230769,124.085692307692,"Big Boat","Phish",1,19
"Call It What It Is","Ben Harper And The Innocent Criminals",11,0.668363636363636,223349.181818182,0.110327272727273,112.359181818182,"Call It What It Is","Ben Harper And The Innocent Criminals",1,19
"Home","Blue October",14,0.564428571428571,278973.857142857,0.265192857142857,128.791357142857,"Home","Blue October",1,19
"Phantom Anthem","August Burns Red",11,0.224727272727273,293398.636363636,0.163536363636364,119.538272727273,"Phantom Anthem","August Burns Red",1,19
"Proper Dose","The Story So Far",11,0.400454545454545,183040.545454545,0.249363636363636,126.908363636364,"Proper Dose","The Story So Far",1,19
"Sunshine Daydream: Veneta, Oregon August 27, 1972","Grateful Dead",21,0.559,502846.80952381,0.245485714285714,125.94480952381,"Sunshine Daydream: Veneta, Oregon August 27, 1972","Grateful Dead",1,19
"Under The Covers, Volume II","Ninja Sex Party",12,0.602666666666667,253428,0.100558333333333,114.9025,"Under The Covers, Volume II","Ninja Sex Party",1,19
"Cold World","Of Mice & Men",13,0.488646153846154,201534.615384615,0.223584615384615,129.180461538462,"Cold World","Of Mice & Men",1,20
"Here Come The Runts","AWOLNATION",14,0.557,196483.571428571,0.173221428571429,132.889142857143,"Here Come The Runts","AWOLNATION",1,20
"Hypercaffium Spazzinate","Descendents",21,0.439142857142857,120377.714285714,0.247852380952381,162.994047619048,"Hypercaffium Spazzinate","Descendents",1,20
"Low In High School","Morrissey",12,0.500833333333333,267091.416666667,0.195541666666667,114.271,"Low In High School","Morrissey",1,20
"The Greatest Generation","The Wonder Years",13,0.335923076923077,226012.769230769,0.265538461538462,136.795769230769,"The Greatest Generation","The Wonder Years",1,20
"The Real Thing","pureNRG",13,0.439846153846154,189100.461538462,0.188446153846154,140.498692307692,"The Real Thing","pureNRG",1,20
"Trouble In Paradise","La Roux",9,0.672888888888889,282307.222222222,0.173266666666667,118.663444444444,"Trouble In Paradise","La Roux",1,20
"Volition","Protest The Hero",11,0.289909090909091,295764.818181818,0.335727272727273,143.915727272727,"Volition","Protest The Hero",1,20
"Evolve","Imagine Dragons",12,0.562166666666667,215588.083333333,0.157566666666667,131.09825,"Evolve","Imagine Dragons",80,20.175
"Bye Bye Birdie","Soundtrack",11,0.461636363636364,212086.090909091,0.208263636363636,103.836090909091,"Bye Bye Birdie","Soundtrack",71,20.6338028169014
"Street Gossip","Lil Baby",13,0.794846153846154,192067.769230769,0.131669230769231,123.177846153846,"Street Gossip","Lil Baby",6,20.6666666666667
"Origins","Imagine Dragons",15,0.594,210039.933333333,0.143893333333333,123.184066666667,"Origins","Imagine Dragons",9,20.7777777777778
"After All These Years","Brian & Jenn Johnson",10,0.3415,283998.8,0.10805,110.3407,"After All These Years","Brian & Jenn Johnson",1,21
"Andrew Mcmahon In The Wilderness","Andrew McMahon In The Wilderness",10,0.5581,223547.1,0.13955,120.1734,"Andrew Mcmahon In The Wilderness","Andrew McMahon In The Wilderness",1,21
"Black Lines","Mayday Parade",12,0.374,220451.083333333,0.229041666666667,128.082916666667,"Black Lines","Mayday Parade",1,21
"Cool Patrol","Ninja Sex Party",15,0.599133333333333,149774.733333333,0.217726666666667,125.795266666667,"Cool Patrol","Ninja Sex Party",1,21
"Electric Light","James Bay",14,0.526071428571429,208018.142857143,0.261235714285714,111.663214285714,"Electric Light","James Bay",1,21
"Rhythm And Whiskey","Frank Foster",11,0.621272727272727,226833.909090909,0.236672727272727,115.158,"Rhythm And Whiskey","Frank Foster",1,21
"Rise Of The Lion","Miss May I",10,0.4875,215379.9,0.17504,123.4223,"Rise Of The Lion","Miss May I",1,21
"Starlight","Bethel Music",14,0.379642857142857,329948.571428571,0.274414285714286,134.033,"Starlight","Bethel Music",1,21
"Kamikaze","Eminem",13,0.776846153846154,211930.384615385,0.266192307692308,129.688846153846,"Kamikaze","Eminem",19,21.0526315789474
"Come On Over","Shania Twain",16,0.6361875,226475,0.31170625,120.0073125,"Come On Over","Shania Twain",151,21.8278145695364
"Look Up Child","Lauren Daigle",13,0.517153846153846,238669.846153846,0.144430769230769,103.687461538462,"Look Up Child","Lauren Daigle",18,21.8333333333333
"13 Voices","Sum 41",10,0.3841,226752.1,0.21695,149.5197,"13 Voices","Sum 41",1,22
"Anthem","Hanson",13,0.579846153846154,219732.230769231,0.168261538461538,114.181769230769,"Anthem","Hanson",1,22
"Fishing Blues","Atmosphere",18,0.708833333333333,227297.777777778,0.245972222222222,92.8001111111111,"Fishing Blues","Atmosphere",1,22
"Five","Hollywood Undead",14,0.580571428571429,223536.857142857,0.209321428571429,119.299714285714,"Five","Hollywood Undead",1,22
"Juggernaut: Alpha","Periphery",10,0.4188,248813.3,0.22193,126.43,"Juggernaut: Alpha","Periphery",1,22
"Periphery III: Select Difficulty","Periphery",11,0.397727272727273,349458,0.113063636363636,123.979363636364,"Periphery III: Select Difficulty","Periphery",1,22
"Tell Me How You Really Feel","Courtney Barnett",10,0.5112,223968.1,0.11601,125.064,"Tell Me How You Really Feel","Courtney Barnett",1,22
"Christmas Is Here!","Pentatonix",12,0.497916666666667,163083.25,0.16735,116.313083333333,"Christmas Is Here!","Pentatonix",9,22.4444444444444
"American Teen","Khalid",15,0.7142,219024.133333333,0.1456,104.813733333333,"American Teen","Khalid",96,22.8645833333333
"By Dom Kennedy","Dom Kennedy",11,0.620909090909091,198011,0.178018181818182,126.325727272727,"By Dom Kennedy","Dom Kennedy",1,23
"Low Teens","Every Time I Die",15,0.258533333333333,197864.6,0.327066666666667,137.901,"Low Teens","Every Time I Die",1,23
"Marauder","Interpol",13,0.367684615384615,204999.846153846,0.191923076923077,123.385615384615,"Marauder","Interpol",1,23
"Remember Us To Life","Regina Spektor",11,0.428636363636364,254051,0.178281818181818,106.688090909091,"Remember Us To Life","Regina Spektor",1,23
"Sunlit Youth","Local Natives",12,0.485166666666667,227445.416666667,0.252916666666667,113.232083333333,"Sunlit Youth","Local Natives",1,23
"The Greatest Video Game Music","London Philharmonic Orchestra",21,0.339747619047619,199772.857142857,0.113861904761905,121.47180952381,"The Greatest Video Game Music","London Philharmonic Orchestra",1,23
"The Sin And The Sentence","Trivium",11,0.445272727272727,312874.272727273,0.231818181818182,128.699727272727,"The Sin And The Sentence","Trivium",1,23
"To Those Left Behind","blessthefall",11,0.376272727272727,229333.454545455,0.207581818181818,136.392181818182,"To Those Left Behind","blessthefall",1,23
"Trouble Maker","Rancid",19,0.414631578947368,130336.842105263,0.241163157894737,154.629210526316,"Trouble Maker","Rancid",1,23
"DAMN.","Kendrick Lamar",14,0.663,235783.785714286,0.223071428571429,136.751857142857,"DAMN.","Kendrick Lamar",90,23.1222222222222
"Skins","XXXTENTACION",10,0.6348,118759.7,0.16047,125.1405,"Skins","XXXTENTACION",5,23.4
"Hamilton: An American Musical","Original Broadway Cast Recording",46,0.66804347826087,185994.152173913,0.219910869565217,115.73202173913,"Hamilton: An American Musical","Original Broadway Cast Recording",171,23.5497076023392
"Circles Around The Sun","Dispatch",10,0.5054,231930.5,0.1866,115.1522,"Circles Around The Sun","Dispatch",1,24
"Cult","Bayside",15,0.413333333333333,205858.8,0.20614,154.035733333333,"Cult","Bayside",1,24
"Magma","Gojira",10,0.4024,263714.6,0.15924,105.8133,"Magma","Gojira",1,24
"Nick & Knight","Nick & Knight",1,0.536,283621,0.115,88.773,"Nick & Knight","Nick & Knight",1,24
"Stone Temple Pilots (2018)","Stone Temple Pilots",11,0.375818181818182,256099.545454545,0.153881818181818,141.166636363636,"Stone Temple Pilots (2018)","Stone Temple Pilots",1,24
"Aggressive","Beartooth",12,0.526583333333333,200094.416666667,0.290266666666667,128.071166666667,"Aggressive","Beartooth",1,25
"Chemically Imbalanced","Chris Webby",21,0.614,238682.380952381,0.291657142857143,104.44180952381,"Chemically Imbalanced","Chris Webby",1,25
"Outlive","Demon Hunter",12,0.471,250169,0.219983333333333,128.586166666667,"Outlive","Demon Hunter",1,25
"PAX-AM Days (EP)","Fall Out Boy",8,0.357125,100383.375,0.4205,130.807625,"PAX-AM Days (EP)","Fall Out Boy",1,25
"Streets Of Compton","The Game",11,0.647545454545455,197659.545454545,0.122654545454545,103.918090909091,"Streets Of Compton","The Game",1,25
"The Concrete Confessional","Hatebreed",13,0.455692307692308,155001.076923077,0.188038461538462,137.803846153846,"The Concrete Confessional","Hatebreed",1,25
"3 AM: The EP","Jacob Whitesides",5,0.4384,216225.4,0.1043,98.7006,"3 AM: The EP","Jacob Whitesides",1,26
"Aer","Aer",12,0.815916666666667,203115.416666667,0.137675,102.034833333333,"Aer","Aer",1,26
"Lift A Sail","Yellowcard",13,0.372,219088.230769231,0.207384615384615,129.982846153846,"Lift A Sail","Yellowcard",1,26
"Long Live","Atreyu",12,0.481583333333333,235778.916666667,0.189191666666667,135.663416666667,"Long Live","Atreyu",1,26
"Special Delivery (EP)","Michael Buble",6,0.4375,211993.333333333,0.1965,115.632833333333,"Special Delivery (EP)","Michael Buble",1,26
"The Amulet","Circa Survive",12,0.380666666666667,263618.833333333,0.221008333333333,121.77675,"The Amulet","Circa Survive",1,26
"The Desaturating Seven","Primus",7,0.534857142857143,297238,0.256714285714286,145.085714285714,"The Desaturating Seven","Primus",1,26
"The Voice: The Complete Season 12 Collection","Lauren Duski",12,0.460916666666667,191296,0.151916666666667,117.41625,"The Voice: The Complete Season 12 Collection","Lauren Duski",1,26
"The Voice: The Complete Season 7 Collection","Matt McAndrew",12,0.426583333333333,202847.583333333,0.152933333333333,115.039666666667,"The Voice: The Complete Season 7 Collection","Matt McAndrew",1,26
"This Could Be Heartbreak","The Amity Affliction",11,0.385272727272727,244842.272727273,0.491545454545454,144.929181818182,"This Could Be Heartbreak","The Amity Affliction",1,26
"Which Side Are You On?","Ani DiFranco",12,0.69825,263925.5,0.142041666666667,115.473833333333,"Which Side Are You On?","Ani DiFranco",1,26
"mono.","RM",7,0.453,213145.142857143,0.207985714285714,123.424142857143,"mono.","RM",1,26
"Beautiful Things","Anthony Green",21,0.475142857142857,200369,0.281147619047619,117.132095238095,"Beautiful Things","Anthony Green",1,27
"Graveyard Shift","Motionless In White",12,0.46925,241090.333333333,0.289241666666667,102.770916666667,"Graveyard Shift","Motionless In White",1,27
"Home / Phantoms Of Summer / The Acoustic Sessions","The Dirty Heads",11,0.634909090909091,186377.818181818,0.157281818181818,111.704,"Home / Phantoms Of Summer / The Acoustic Sessions","The Dirty Heads",1,27
"Living The Dream","Slash Featuring Myles Kennedy And The Conspirators",12,0.47775,262300,0.18015,122.52275,"Living The Dream","Slash Featuring Myles Kennedy And The Conspirators",1,27
"Painted Ruins","Grizzly Bear",11,0.463272727272727,264328.363636364,0.137081818181818,119.784363636364,"Painted Ruins","Grizzly Bear",1,27
"Palms","Thrice",10,0.4654,242414.8,0.19758,136.7331,"Palms","Thrice",1,27
"Savage Life 4","Webbie",20,0.609,232423.75,0.17435,142.5993,"Savage Life 4","Webbie",1,27
"The Voice: The Complete Season 10 Collection","Alisan Porter",12,0.326833333333333,193564.416666667,0.154941666666667,144.468666666667,"The Voice: The Complete Season 10 Collection","Alisan Porter",1,27
"Not All Heroes Wear Capes","Metro Boomin",26,0.706076923076923,201941.076923077,0.162211538461538,120.002384615385,"Not All Heroes Wear Capes","Metro Boomin",10,27.3
"Christmas","Michael Buble",20,0.4344,193629.45,0.13097,101.98475,"Christmas","Michael Buble",72,27.4722222222222
"OK Computer: OKNOTOK 1997 2017","Radiohead",12,0.280833333333333,268435.5,0.159375,115.454916666667,"OK Computer: OKNOTOK 1997 2017","Radiohead",3,27.6666666666667
"Bringing It All Back Home","Bob Dylan",11,0.611181818181818,255905.545454545,0.163763636363636,136.356545454545,"Bringing It All Back Home","Bob Dylan",43,27.6976744186047
"Shut Down","Various Artists",12,0.607833333333333,130016.25,0.205466666666667,134.455333333333,"Shut Down","Various Artists",73,27.7671232876712
"Tragic Kingdom","No Doubt",14,0.523642857142857,255544.928571429,0.218157142857143,132.241214285714,"Tragic Kingdom","No Doubt",91,27.8241758241758
"Human Clay","Creed",12,0.395333333333333,302316.666666667,0.195858333333333,139.750333333333,"Human Clay","Creed",104,27.9615384615385
"99 Perfectly Relaxing Songs","Various Artists",50,0.229588,230911.02,0.13592,98.2282,"99 Perfectly Relaxing Songs","Various Artists",1,28
"All I See Is War","Sevendust",12,0.41025,227855.666666667,0.123975,126.69425,"All I See Is War","Sevendust",1,28
"Americoustic (EP)","Hoodie Allen",6,0.601166666666667,205731,0.181433333333333,135.979833333333,"Americoustic (EP)","Hoodie Allen",1,28
"Be One","Natalie Grant",15,0.534066666666667,234466.4,0.2393,126.950733333333,"Be One","Natalie Grant",1,28
"Dominion","Tech N9ne Collabos",24,0.69025,179090.5,0.295129166666667,115.833791666667,"Dominion","Tech N9ne Collabos",1,28
"Happy Camper","Hoodie Allen",10,0.678,197611.8,0.2334,106.9888,"Happy Camper","Hoodie Allen",1,28
"Hold On Pain Ends","The Color Morale",12,0.456416666666667,221614.5,0.215058333333333,138.330333333333,"Hold On Pain Ends","The Color Morale",1,28
"I Hope You're Happy","Blue October",12,0.448583333333333,283313.333333333,0.139216666666667,129.425083333333,"I Hope You're Happy","Blue October",1,28
"Living Proof","State Champs",13,0.475923076923077,194094.538461538,0.186884615384615,150.018692307692,"Living Proof","State Champs",1,28
"New Demons","I See Stars",12,0.324833333333333,251645.583333333,0.264925,145.617083333333,"New Demons","I See Stars",1,28
"Places","Lea Michele",11,0.428272727272727,217246.181818182,0.119845454545455,104.661181818182,"Places","Lea Michele",1,28
"The Boy Who Died Wolf","Highly Suspect",11,0.501636363636364,246482.454545455,0.175554545454545,126.352272727273,"The Boy Who Died Wolf","Highly Suspect",1,28
"The Continuous Evilution Of Life's ?'s","Twiztid",12,0.589166666666667,262195.333333333,0.524916666666667,125.6965,"The Continuous Evilution Of Life's ?'s","Twiztid",1,28
"The Ride","Catfish And The Bottlemen",11,0.539090909090909,216941.818181818,0.184936363636364,136.008818181818,"The Ride","Catfish And The Bottlemen",1,28
"Timeless","Home Free",14,0.610571428571429,208874.428571429,0.204835714285714,107.542785714286,"Timeless","Home Free",1,28
"Yellowcard","Yellowcard",13,0.422153846153846,219189.692307692,0.163676923076923,143.382230769231,"Yellowcard","Yellowcard",1,28
"Culture II","Migos",24,0.824583333333333,263305.041666667,0.164108333333333,139.626041666667,"Culture II","Migos",50,28.34
"Ella Mai","Ella Mai",16,0.5295,208006.75,0.1548375,93.765875,"Ella Mai","Ella Mai",13,28.3846153846154
"Not The Actual Events (EP)","Nine Inch Nails",5,0.4616,254096,0.2373,106.5242,"Not The Actual Events (EP)","Nine Inch Nails",2,28.5
"Backstreet Boys","Backstreet Boys",12,0.715333333333333,260844.333333333,0.127625,110.90175,"Backstreet Boys","Backstreet Boys",133,28.8195488721805
"All Love Lost","Joe Budden",12,0.473,373626.666666667,0.22,103.925916666667,"All Love Lost","Joe Budden",1,29
"Augustana","Augustana",11,0.465454545454546,225987.818181818,0.180054545454545,116.919454545455,"Augustana","Augustana",1,29
"Church Of Scars","Bishop Briggs",10,0.613,202296,0.13943,106.1555,"Church Of Scars","Bishop Briggs",1,29
"Future Friends","Superfruit",16,0.721,207308.3125,0.126375,117.278375,"Future Friends","Superfruit",1,29
"Grimmest Hits","Black Label Society",12,0.398666666666667,278273.333333333,0.251833333333333,116.565916666667,"Grimmest Hits","Black Label Society",1,29
"If I Should Go Before You","City And Colour",11,0.479,278204.636363636,0.168909090909091,102.909454545455,"If I Should Go Before You","City And Colour",1,29
"One Night (EP)","Timeflies",6,0.573333333333333,219811,0.118583333333333,106.463333333333,"One Night (EP)","Timeflies",1,29
"Saint Asonia","Saint Asonia",11,0.468909090909091,221422.909090909,0.1673,144.481363636364,"Saint Asonia","Saint Asonia",1,29
"The 99 Most Essential Beethoven Masterpieces","Various Artists",50,0.302644,595975.38,0.109688,107.3855,"The 99 Most Essential Beethoven Masterpieces","Various Artists",1,29
"The Darkness","Twiztid",19,0.622789473684211,178118.315789474,0.305136842105263,107.131842105263,"The Darkness","Twiztid",1,29
"The Silver Scream","Ice Nine Kills",13,0.354692307692308,229870.769230769,0.302623076923077,128.862769230769,"The Silver Scream","Ice Nine Kills",1,29
"Weird Kids","We Are The In Crowd",10,0.4307,189048.1,0.22417,156.229,"Weird Kids","We Are The In Crowd",1,29
"When The Good Guys Win","Granger Smith",14,0.581428571428571,208781.857142857,0.1848,131.696714285714,"When The Good Guys Win","Granger Smith",1,29
"reputation","Taylor Swift",15,0.657933333333333,223020.466666667,0.152153333333333,127.540133333333,"reputation","Taylor Swift",60,29.1
"The Dutchess","Fergie",13,0.656153846153846,268092.230769231,0.291423076923077,127.896461538462,"The Dutchess","Fergie",94,29.2446808510638
"Falling Into You","Celine Dion",16,0.483625,284930.875,0.19831875,139.7575625,"Falling Into You","Celine Dion",113,29.3185840707965
"5","Ed Sheeran",32,0.627875,255305.5625,0.2723375,110.91803125,"5","Ed Sheeran",1,30
"An Airplane Carried Me To Bed","Sky Sailing",11,0.498454545454545,210887.272727273,0.134490909090909,122.360545454545,"An Airplane Carried Me To Bed","Sky Sailing",1,30
"As You Were","Liam Gallagher",15,0.4394,226433.866666667,0.175306666666667,120.494666666667,"As You Were","Liam Gallagher",1,30
"Boiling Point (K.O.D. Collection) (EP)","Tech N9ne",7,0.539,258405.571428571,0.534114285714286,110.328142857143,"Boiling Point (K.O.D. Collection) (EP)","Tech N9ne",1,30
"Canal Street Confidential","Curren$Y",13,0.602076923076923,226199.692307692,0.206192307692308,114.484230769231,"Canal Street Confidential","Curren$Y",1,30
"Chaos","Attila",11,0.531454545454545,209157.636363636,0.198554545454545,135.945727272727,"Chaos","Attila",1,30
"Cover Stories: Brandi Carlile Celebrates 10 Years Of The Story...","Various Artists",14,0.492571428571429,197576.142857143,0.131485714285714,115.667928571429,"Cover Stories: Brandi Carlile Celebrates 10 Years Of The Story...","Various Artists",1,30
"Diamond Diana: The Legacy Collection","Diana Ross",15,0.588533333333333,219039.066666667,0.173,121.975466666667,"Diamond Diana: The Legacy Collection","Diana Ross",1,30
"High Country","The Sword",15,0.4692,201186.733333333,0.202826666666667,116.185733333333,"High Country","The Sword",1,30
"Hot Streak","The Winery Dogs",13,0.504,304174.846153846,0.208269230769231,135.499307692308,"Hot Streak","The Winery Dogs",1,30
"Live & Acoustic At The Palace","The Used",12,0.38925,304456.75,0.73775,113.74475,"Live & Acoustic At The Palace","The Used",1,30
"Painkillers","Brian Fallon",12,0.539333333333333,201891.083333333,0.19345,119.637916666667,"Painkillers","Brian Fallon",1,30
"Salad Days","Mac DeMarco",11,0.531090909090909,189671.363636364,0.201736363636364,119.755363636364,"Salad Days","Mac DeMarco",1,30
"Spirit","Amos Lee",15,0.5524,216356.466666667,0.1764,118.094533333333,"Spirit","Amos Lee",1,30
"The Fool","Ryn Weaver",11,0.527,226674,0.325363636363636,107.14,"The Fool","Ryn Weaver",1,30
"The Spirit Of Ireland","Various Artists",18,0.668722222222222,223700,0.167238888888889,110.680166666667,"The Spirit Of Ireland","Various Artists",1,30
"The Voice: The Complete Season 11 Collection","Sundance Head",11,0.458454545454545,193855.818181818,0.129218181818182,138.478818181818,"The Voice: The Complete Season 11 Collection","Sundance Head",1,30
"Time Stands Still","Family Force 5",15,0.619266666666667,192835.466666667,0.2359,129.007266666667,"Time Stands Still","Family Force 5",1,30
"Fun In Acapulco","Elvis Presley",13,0.574384615384615,136122.076923077,0.249461538461538,112.379461538462,"Fun In Acapulco","Elvis Presley",24,30.2083333333333
"Trench","twenty one pilots",14,0.667214285714286,240691.428571429,0.188085714285714,114.758857142857,"Trench","twenty one pilots",14,30.5714285714286
"The Barbra Streisand Album","Barbra Streisand",11,0.421272727272727,177943,0.171263636363636,102.376181818182,"The Barbra Streisand Album","Barbra Streisand",115,30.695652173913
"17","XXXTENTACION",11,0.689272727272727,119993.090909091,0.163081818181818,115.371363636364,"17","XXXTENTACION",71,30.7042253521127
"11:59","Ryan Star",13,0.453846153846154,221075.769230769,0.1148,121.452615384615,"11:59","Ryan Star",1,31
"American Beauty (EP)","Bruce Springsteen",4,0.54825,221543.5,0.168,116.403,"American Beauty (EP)","Bruce Springsteen",1,31
"Braver Than We Are","Meat Loaf",10,0.49,332083.9,0.27209,142.3997,"Braver Than We Are","Meat Loaf",1,31
"Coma Witch","The Acacia Strain",11,0.304181818181818,351656.909090909,0.306636363636364,151.321454545455,"Coma Witch","The Acacia Strain",1,31
"Dissociation","The Dillinger Escape Plan",11,0.278909090909091,273634.909090909,0.246645454545455,113.928909090909,"Dissociation","The Dillinger Escape Plan",1,31
"E.B.A.H.","Tech N9ne",10,0.4643,163280.7,0.5111,89.5727,"E.B.A.H.","Tech N9ne",1,31
"Find A Light","Blackberry Smoke",13,0.478615384615385,246464.076923077,0.220384615384615,109.597307692308,"Find A Light","Blackberry Smoke",1,31
"Infinity Overhead","Minus The Bear",10,0.5358,249830.5,0.12936,133.6043,"Infinity Overhead","Minus The Bear",1,31
"Let's Play Two: Live At Wrigley Field (Soundtrack)","Pearl Jam",17,0.273764705882353,281774.176470588,0.739829411764706,143.703941176471,"Let's Play Two: Live At Wrigley Field (Soundtrack)","Pearl Jam",1,31
"MKTO","MKTO",9,0.585111111111111,206466.666666667,0.182766666666667,107.669555555556,"MKTO","MKTO",1,31
"XX","O.A.R.",24,0.463916666666667,361658.708333333,0.491858333333333,101.724208333333,"XX","O.A.R.",1,31
"Pray For The Wicked","Panic! At The Disco",11,0.464818181818182,187069.181818182,0.251736363636364,130.890090909091,"Pray For The Wicked","Panic! At The Disco",29,31.1724137931034
"Rejoyce: The Christmas Album","Jessica Simpson",11,0.532363636363636,210769.727272727,0.165309090909091,125.082090909091,"Rejoyce: The Christmas Album","Jessica Simpson",5,31.2
"Feels Like Today","Rascal Flatts",12,0.543416666666667,224110,0.176566666666667,110.590833333333,"Feels Like Today","Rascal Flatts",105,31.247619047619
"All Summer Long","The Beach Boys",24,0.522708333333333,126941.541666667,0.172295833333333,122.169583333333,"All Summer Long","The Beach Boys",49,31.3265306122449
"Aja","Steely Dan",7,0.667714285714286,343028.714285714,0.0712714285714286,129.858714285714,"Aja","Steely Dan",60,31.35
"The Game","Queen",15,0.531066666666667,211507.466666667,0.306873333333333,96.4361333333333,"The Game","Queen",43,31.5581395348837
"A Pentatonix Christmas","Pentatonix",16,0.5521875,191242.5,0.1472,108.87675,"A Pentatonix Christmas","Pentatonix",30,31.8666666666667
"Back On Top","The Front Bottoms",11,0.4,232707.909090909,0.174627272727273,137.124454545455,"Back On Top","The Front Bottoms",1,32
"Evermotion","Guster",11,0.516181818181818,207806,0.1446,123.934,"Evermotion","Guster",1,32
"Everyday Robots","Damon Albarn",12,0.635083333333333,233458.666666667,0.24445,111.03725,"Everyday Robots","Damon Albarn",1,32
"Falling Into Place","Rebelution",11,0.750545454545455,207262.818181818,0.132554545454545,120.647636363636,"Falling Into Place","Rebelution",1,32
"Fight The Silence","For Today",12,0.351416666666667,217555.666666667,0.304333333333333,126.796916666667,"Fight The Silence","For Today",1,32
"Forget The World","Afrojack",16,0.5801875,259378.6875,0.2008875,128.39175,"Forget The World","Afrojack",1,32
"Future","Jordan Feliz",13,0.534538461538462,198859.615384615,0.138638461538462,136.612230769231,"Future","Jordan Feliz",1,32
"Here's To You","Montgomery Gentry",12,0.577083333333333,204757.333333333,0.181341666666667,105.673083333333,"Here's To You","Montgomery Gentry",1,32
"Instant Gratification","Dance Gavin Dance",12,0.357166666666667,214511.166666667,0.208133333333333,139.371583333333,"Instant Gratification","Dance Gavin Dance",1,32
"Join Us","They Might Be Giants",18,0.7365,157064.444444444,0.157894444444444,130.6775,"Join Us","They Might Be Giants",1,32
"LANY","LANY",16,0.660375,213631.25,0.15779375,114.96175,"LANY","LANY",1,32
"Lovely Little Lonely","The Maine",12,0.56225,171585.75,0.250033333333333,134.1765,"Lovely Little Lonely","The Maine",1,32
"Paranormal","Alice Cooper",18,0.417833333333333,225320.333333333,0.4249,131.666388888889,"Paranormal","Alice Cooper",1,32
"Playlist: The Very Best '80s Radio Hits","Various Artists",12,0.622,177704.416666667,0.226491666666667,120.25875,"Playlist: The Very Best '80s Radio Hits","Various Artists",1,32
"Space (EP)","The Devil Wears Prada",6,0.415166666666667,195853.833333333,0.2526,147.421,"Space (EP)","The Devil Wears Prada",1,32
"The Fire","Senses Fail",12,0.362666666666667,212331.166666667,0.243075,140.59825,"The Fire","Senses Fail",1,32
"The Last Text EP","Jacob Sartorius",8,0.657875,201991.5,0.1553,105.37325,"The Last Text EP","Jacob Sartorius",1,32
"Therapy: Sessions With Ross Robinson","Tech N9ne",11,0.421818181818182,148803.636363636,0.443981818181818,90.9098181818182,"Therapy: Sessions With Ross Robinson","Tech N9ne",1,32
"These Times","SafetySuit",11,0.417818181818182,230940.727272727,0.137709090909091,133.458181818182,"These Times","SafetySuit",2,32
"What Now","Sylvan Esso",10,0.6184,216693.3,0.11861,121.2069,"What Now","Sylvan Esso",1,32
"Worthy Of Your Name","Passion",13,0.366615384615385,330084.230769231,0.181661538461538,114.866076923077,"Worthy Of Your Name","Passion",1,32
"Hello, Dolly!","Original Cast",13,0.435692307692308,197075.769230769,0.484576923076923,99.0373076923077,"Hello, Dolly!","Original Cast",90,32.1111111111111
"Queen","Nicki Minaj",19,0.759578947368421,209969.105263158,0.185547368421053,125.961789473684,"Queen","Nicki Minaj",22,32.2272727272727
"Girl You Know It's True","Milli Vanilli",18,0.771555555555556,228892.555555556,0.126244444444444,113.820277777778,"Girl You Know It's True","Milli Vanilli",78,32.3076923076923
"Speakerboxxx/The Love Below","OutKast",40,0.6729,202558.3,0.19953,115.924525,"Speakerboxxx/The Love Below","OutKast",56,32.3571428571429
"My Fair Lady","Soundtrack",27,0.465444444444444,166677.518518519,0.287148148148148,99.1112592592593,"My Fair Lady","Soundtrack",111,32.3783783783784
"Harder Than Ever","Lil Baby",17,0.785647058823529,181351.823529412,0.118558823529412,133.083117647059,"Harder Than Ever","Lil Baby",34,32.4117647058824
"Kick","INXS",12,0.63975,199112.25,0.184441666666667,115.8225,"Kick","INXS",81,32.5925925925926
"A Christmas Gift For You From Phil Spector","Various Artists",13,0.390076923076923,158544.538461538,0.252253846153846,127.385384615385,"A Christmas Gift For You From Phil Spector","Various Artists",4,32.75
"All You Can Do","Watsky",16,0.670625,216565.75,0.20415625,110.2668125,"All You Can Do","Watsky",1,33
"As Family We Go","Rend Collective",11,0.546636363636364,236053.272727273,0.2429,120.930090909091,"As Family We Go","Rend Collective",1,33
"Between The Stars","Flyleaf",16,0.4629375,209179.1875,0.26635625,129.0501875,"Between The Stars","Flyleaf",1,33
"Black Mile To The Surface","Manchester Orchestra",11,0.429818181818182,268501.727272727,0.176490909090909,130.745,"Black Mile To The Surface","Manchester Orchestra",1,33
"CNCO","CNCO",14,0.710714285714286,196293.285714286,0.201528571428571,99.9317857142857,"CNCO","CNCO",1,33
"Clockwork Angels Tour","Rush",31,0.274,357486,0.910516129032258,124.887870967742,"Clockwork Angels Tour","Rush",1,33
"Faith: A Holiday Album","Kenny G",12,0.357416666666667,240707.75,0.133175,118.644083333333,"Faith: A Holiday Album","Kenny G",9,33
"Gold (EP)","Jessie James Decker",5,0.5206,202736.4,0.14678,138.8128,"Gold (EP)","Jessie James Decker",1,33
"I Am Alive In Everything I Touch","Silverstein",12,0.47175,202628.25,0.2348,128.006083333333,"I Am Alive In Everything I Touch","Silverstein",1,33
"Man On The Run","Bush",14,0.459357142857143,284949.5,0.208,139.5065,"Man On The Run","Bush",1,33
"May 1977: Get Shown The Light","Grateful Dead",21,0.557380952380952,492301.619047619,0.538928571428572,126.23019047619,"May 1977: Get Shown The Light","Grateful Dead",1,33
"New Glow","Matt And Kim",10,0.6633,166742.7,0.24245,127.6702,"New Glow","Matt And Kim",1,33
"Real","The Word Alive",13,0.419692307692308,222196.846153846,0.247907692307692,138.000230769231,"Real","The Word Alive",1,33
"Tattooed Heart","Ronnie Dunn",12,0.5295,215650,0.163658333333333,115.156,"Tattooed Heart","Ronnie Dunn",1,33
"The Woman In Me","Shania Twain",12,0.581833333333333,240727.75,0.196558333333333,116.57175,"The Woman In Me","Shania Twain",107,33.018691588785
"Evil Genius","Gucci Mane",18,0.828,169216.222222222,0.197583333333333,133.126111111111,"Evil Genius","Gucci Mane",5,33.2
"Fore!","Huey Lewis & The News",10,0.611,227302.7,0.15651,108.7977,"Fore!","Huey Lewis & The News",61,33.2131147540984
"I'll Cry If I Want To","Lesley Gore",12,0.549666666666667,129500,0.166841666666667,129.383,"I'll Cry If I Want To","Lesley Gore",42,33.2857142857143
"Musicology","Prince",12,0.726333333333333,239134.333333333,0.174516666666667,114.168416666667,"Musicology","Prince",26,33.3076923076923
"Christmas In The Aire","Mannheim Steamroller",12,0.510583333333333,218925.5,0.117358333333333,118.484333333333,"Christmas In The Aire","Mannheim Steamroller",18,33.3888888888889
"Uniquely Mancini","Henry Mancini",12,0.4395,200771.25,0.150308333333333,116.954166666667,"Uniquely Mancini","Henry Mancini",47,33.4255319148936
"A Love Letter To You 3","Trippie Redd",16,0.67625,164174.125,0.1472125,126.2389375,"A Love Letter To You 3","Trippie Redd",9,33.4444444444444
"In The Wind","Peter, Paul & Mary",12,0.507416666666667,190420,0.117358333333333,111.41575,"In The Wind","Peter, Paul & Mary",80,33.5625
"Buddha And The Chocolate Box","Cat Stevens",9,0.579444444444445,216358.444444444,0.124433333333333,117.400888888889,"Buddha And The Chocolate Box","Cat Stevens",36,33.7777777777778
"A Hard Day's Night (Soundtrack)","The Beatles",13,0.601461538461538,139361,0.216430769230769,130.595153846154,"A Hard Day's Night (Soundtrack)","The Beatles",56,33.7857142857143
"Traveller","Chris Stapleton",14,0.544142857142857,270493.214285714,0.160714285714286,113.694142857143,"Traveller","Chris Stapleton",173,33.7976878612717
"American Idol Season 10: Scotty McCreery","Scotty McCreery",14,0.541071428571428,205022.857142857,0.151821428571429,113.372071428571,"American Idol Season 10: Scotty McCreery","Scotty McCreery",2,34
"As Sure As The Sun","Ellie Holcomb",11,0.558636363636364,211736.272727273,0.106009090909091,111.299,"As Sure As The Sun","Ellie Holcomb",1,34
"Cauterize","Tremonti",10,0.34,264742.8,0.1985,118.4229,"Cauterize","Tremonti",1,34
"Do What Thou Wilt.","AB-Soul",16,0.612125,289048.125,0.26513125,123.5846875,"Do What Thou Wilt.","AB-Soul",1,34
"Dust","Tremonti",10,0.3217,260336,0.14783,119.0762,"Dust","Tremonti",1,34
"Exhale","Thousand Foot Krutch",12,0.567833333333333,225443.666666667,0.218775,136.40975,"Exhale","Thousand Foot Krutch",1,34
"Exister","Hot Water Music",13,0.334076923076923,175655.384615385,0.219653846153846,149.652153846154,"Exister","Hot Water Music",1,34
"Georgica Pond","Johnnyswim",14,0.468714285714286,233686.428571429,0.123585714285714,106.293142857143,"Georgica Pond","Johnnyswim",1,34
"Little Machines","LIGHTS",11,0.599,210115.272727273,0.153654545454545,124.965909090909,"Little Machines","LIGHTS",1,34
"Mount Ninji And Da Nice Time Kid","Die Antwoord",16,0.7355625,203178.6875,0.19191875,134.55525,"Mount Ninji And Da Nice Time Kid","Die Antwoord",1,34
"Music Complete","New Order",11,0.538818181818182,351939.454545455,0.238709090909091,138.338454545455,"Music Complete","New Order",1,34
"Sirens","Sublime With Rome",11,0.570363636363636,185213.272727273,0.338890909090909,107.812909090909,"Sirens","Sublime With Rome",1,34
"Spark","Drake White",12,0.575833333333333,211022.083333333,0.2128,126.246916666667,"Spark","Drake White",1,34
"The Voice: The Complete Season 10 Collection","Adam Wakefield",12,0.415416666666667,195586.666666667,0.243333333333333,133.000916666667,"The Voice: The Complete Season 10 Collection","Adam Wakefield",1,34
"Vertigo","EDEN",13,0.409538461538462,240858.230769231,0.336653846153846,114.788384615385,"Vertigo","EDEN",1,34
"We Are All We Need","Above & Beyond",16,0.4886875,267259.25,0.19764375,128.8701875,"We Are All We Need","Above & Beyond",1,34
"Me And My Gang","Rascal Flatts",14,0.542357142857143,240455.285714286,0.152257142857143,126.982714285714,"Me And My Gang","Rascal Flatts",91,34.6373626373626
"My Name Is Barbra, Two...","Barbra Streisand",12,0.297333333333333,154180.166666667,0.181833333333333,93.9386666666667,"My Name Is Barbra, Two...","Barbra Streisand",48,34.7291666666667
"Help! (Soundtrack)","The Beatles",14,0.528,145359.142857143,0.156085714285714,116.298714285714,"Help! (Soundtrack)","The Beatles",46,34.7391304347826
"Jagged Little Pill","Alanis Morissette",13,0.490769230769231,265425.538461538,0.172615384615385,111.595307692308,"Jagged Little Pill","Alanis Morissette",127,34.740157480315
"Views","Drake",20,0.68155,243774.65,0.208695,115.15395,"Views","Drake",140,34.8928571428571
"Luv Is Rage 2","Lil Uzi Vert",16,0.693125,211259.9375,0.20603125,120.26325,"Luv Is Rage 2","Lil Uzi Vert",71,34.9014084507042
"24K Magic","Bruno Mars",9,0.690555555555556,223559.555555556,0.135266666666667,136.310111111111,"24K Magic","Bruno Mars",111,34.963963963964
"Automata I","Between The Buried And Me",6,0.307333333333333,352212.333333333,0.274333333333333,128.011166666667,"Automata I","Between The Buried And Me",1,35
"Creeker","Upchurch",10,0.5004,177660.5,0.2985,147.7082,"Creeker","Upchurch",1,35
"Digital Vein","David Cook",12,0.507,225634.583333333,0.14975,118.368416666667,"Digital Vein","David Cook",1,35
"Find Me","Christina Grimmie",8,0.5955,217319.75,0.2041375,135.875,"Find Me","Christina Grimmie",1,35
"Hiding Place","Tori Kelly",8,0.44025,276326.125,0.1267875,121.614125,"Hiding Place","Tori Kelly",1,35
"Killing Time","Bayside",10,0.3806,216272,0.26638,159.1274,"Killing Time","Bayside",1,35
"Mr. P","Patrice O'Neal",6,0.546833333333333,304223.833333333,0.7495,117.712,"Mr. P","Patrice O'Neal",1,35
"Muddy Wolf At Red Rocks","Joe Bonamassa",25,0.38368,305854,0.71604,127.68668,"Muddy Wolf At Red Rocks","Joe Bonamassa",1,35
"Nightbringers","The Black Dahlia Murder",9,0.405888888888889,222154.111111111,0.252611111111111,123.423666666667,"Nightbringers","The Black Dahlia Murder",1,35
"Reverence","Parkway Drive",10,0.4115,256509.3,0.20585,133.0264,"Reverence","Parkway Drive",1,35
"Revolution Come... Revolution Go","Gov't Mule",18,0.443277777777778,379803,0.175444444444444,112.331888888889,"Revolution Come... Revolution Go","Gov't Mule",1,35
"Rocking The Cradle: Egypt 1978","Grateful Dead",18,0.559777777777778,485837.888888889,0.371211111111111,124.189833333333,"Rocking The Cradle: Egypt 1978","Grateful Dead",1,35
"The Malibu Sessions","Colbie Caillat",11,0.593909090909091,230831.454545455,0.182009090909091,131.242181818182,"The Malibu Sessions","Colbie Caillat",1,35
"The RCA-List, Vol 5","Various Artists",25,0.70388,208882.2,0.130072,111.70748,"The RCA-List, Vol 5","Various Artists",7,35
"The Red Balloon Project (EP)","Skizzy Mars",7,0.624571428571429,229689.714285714,0.115285714285714,112.426285714286,"The Red Balloon Project (EP)","Skizzy Mars",1,35
"Whiteout Conditions","The New Pornographers",11,0.535,225358.727272727,0.252981818181818,135.375090909091,"Whiteout Conditions","The New Pornographers",1,35
"Long Distance Voyager","The Moody Blues",11,0.462818181818182,277631.454545455,0.313881818181818,117.642272727273,"Long Distance Voyager","The Moody Blues",39,35.025641025641
"Cotton Candy","Al Hirt",12,0.536416666666667,139236.833333333,0.157058333333333,124.936916666667,"Cotton Candy","Al Hirt",53,35.1132075471698
"Trini Lopez At PJ's","Trini Lopez",12,0.53725,164727.75,0.791666666666667,128.20675,"Trini Lopez At PJ's","Trini Lopez",130,35.3384615384615
"Whipped Cream & Other Delights","Herb Alpert's Tijuana Brass",12,0.649416666666667,142701.083333333,0.183266666666667,112.18525,"Whipped Cream & Other Delights","Herb Alpert's Tijuana Brass",185,35.3945945945946
"Merry Christmas With Love","Clay Aiken",12,0.416833333333333,195413.25,0.138741666666667,100.16625,"Merry Christmas With Love","Clay Aiken",7,35.4285714285714
"Mud Slide Slim And The Blue Horizon","James Taylor",13,0.577230769230769,172729.307692308,0.157361538461538,116.523076923077,"Mud Slide Slim And The Blue Horizon","James Taylor",45,35.5777777777778
"The Singing Nun","The Singing Nun (Soeur Sourire)",1,0.736,176653,0.11,135.891,"The Singing Nun","The Singing Nun (Soeur Sourire)",39,35.8461538461538
"Akeda","Matisyahu",15,0.5368,269573.333333333,0.157433333333333,106.422066666667,"Akeda","Matisyahu",1,36
"Blackout","Steffany Gretzinger",13,0.444846153846154,267450.230769231,0.159161538461538,123.351615384615,"Blackout","Steffany Gretzinger",1,36
"Down Home Sessions III (EP)","Cole Swindell",5,0.497,207437.6,0.14646,129.8012,"Down Home Sessions III (EP)","Cole Swindell",1,36
"Heart Made Up On You (EP)","R5",4,0.6495,199833.5,0.25825,102.2625,"Heart Made Up On You (EP)","R5",1,36
"Lulu","Lou Reed & Metallica",10,0.3271,522776,0.13277,117.8733,"Lulu","Lou Reed & Metallica",1,36
"Magnifique","Ratatat",14,0.617785714285714,192548.857142857,0.266878571428571,113.153214285714,"Magnifique","Ratatat",1,36
"Malibu Nights","LANY",9,0.659888888888889,222743.777777778,0.103411111111111,107.094222222222,"Malibu Nights","LANY",1,36
"Pagans In Vegas","Metric",13,0.551153846153846,243066.923076923,0.185992307692308,111.473615384615,"Pagans In Vegas","Metric",1,36
"Speedin' Bullet 2 Heaven","Kid Cudi",26,0.523307692307692,211308.807692308,0.202034615384615,123.927192307692,"Speedin' Bullet 2 Heaven","Kid Cudi",1,36
"Strength To Survive","SOJA",13,0.696923076923077,243593.769230769,0.212046153846154,127.169,"Strength To Survive","SOJA",1,36
"Tidal Wave","Taking Back Sunday",12,0.437333333333333,239721.083333333,0.303125,132.579916666667,"Tidal Wave","Taking Back Sunday",1,36
"Warning Signs (EP)","Timeflies",4,0.64575,207016.75,0.048225,107.809,"Warning Signs (EP)","Timeflies",1,36
"Bad Animals","Heart",10,0.5286,244690.6,0.12783,122.9266,"Bad Animals","Heart",50,36.08
"The Raw & The Cooked","Fine Young Cannibals",10,0.7244,212433.5,0.11888,134.156,"The Raw & The Cooked","Fine Young Cannibals",63,36.0952380952381
"Faith","George Michael",10,0.6929,309409.4,0.10745,104.8763,"Faith","George Michael",96,36.1666666666667
"Middle Of Nowhere","Hanson",13,0.571,248092.153846154,0.173423076923077,106.371230769231,"Middle Of Nowhere","Hanson",58,36.2241379310345
"Scenes From The Southside","Bruce Hornsby & The Range",9,0.541666666666667,320011.777777778,0.135488888888889,106.688888888889,"Scenes From The Southside","Bruce Hornsby & The Range",27,36.3703703703704
"New Jersey","Bon Jovi",28,0.378964285714286,296814.285714286,0.225821428571429,125.094214285714,"New Jersey","Bon Jovi",77,36.3896103896104
"This One's For You","Luke Combs",17,0.517764705882353,209659.647058824,0.1989,129.699,"This One's For You","Luke Combs",83,36.4698795180723
"Carpenters","Carpenters",10,0.4205,189599.9,0.1546,94.6737,"Carpenters","Carpenters",59,36.4745762711864
"Steel Wheels","The Rolling Stones",12,0.507916666666667,265041.083333333,0.3772,137.8345,"Steel Wheels","The Rolling Stones",36,36.6944444444444
"Tango In The Night","Fleetwood Mac",39,0.667846153846154,274790.666666667,0.145146153846154,123.93941025641,"Tango In The Night","Fleetwood Mac",58,36.8620689655172
"American Candy","The Maine",10,0.5635,210868.1,0.30041,114.5852,"American Candy","The Maine",1,37
"Audio, Video, Disco","Justice",12,0.500583333333333,292018.833333333,0.161941666666667,115.54325,"Audio, Video, Disco","Justice",1,37
"Donker Mag","Die Antwoord",16,0.6150625,187378.375,0.3051375,127.4240625,"Donker Mag","Die Antwoord",1,37
"FM!","Vince Staples",11,0.828363636363637,121883.727272727,0.365272727272727,116.581090909091,"FM!","Vince Staples",1,37
"Genexus","Fear Factory",12,0.48725,296763.333333333,0.191008333333333,149.091083333333,"Genexus","Fear Factory",1,37
"Hebrews","Say Anything",12,0.3835,233446.583333333,0.257583333333333,151.5555,"Hebrews","Say Anything",1,37
"Hold My Beer, Vol. 1","Randy Rogers & Wade Bowen",10,0.538,236383.5,0.16067,123.0564,"Hold My Beer, Vol. 1","Randy Rogers & Wade Bowen",1,37
"Once Upon Another Time (EP)","Sara Bareilles",5,0.3988,291823.8,0.141,90.3514,"Once Upon Another Time (EP)","Sara Bareilles",2,37
"Prayers For The Blessed, Vol. 2","Sixx: A.M.",11,0.365909090909091,254405,0.314354545454545,131.595727272727,"Prayers For The Blessed, Vol. 2","Sixx: A.M.",1,37
"Sara Ramirez (EP)","Sara Ramirez",4,0.558,204336.75,0.18975,127.471,"Sara Ramirez (EP)","Sara Ramirez",1,37
"Southern Family","Various Artists",12,0.473083333333333,255358.916666667,0.185183333333333,122.598083333333,"Southern Family","Various Artists",1,37
"Staying Alive","Bee Gees",1,0.649,207523,0.0997,109.019,"Staying Alive","Bee Gees",20,37
"Stranger Than Fiction","Kevin Gates",14,0.714642857142857,186589.857142857,0.227492857142857,117.289071428571,"Stranger Than Fiction","Kevin Gates",1,37
"The Phosphorescent Blues","Punch Brothers",11,0.569181818181818,255158.727272727,0.120072727272727,133.180545454545,"The Phosphorescent Blues","Punch Brothers",1,37
"Triplicate","Bob Dylan",30,0.4239,189498.666666667,0.11355,115.599333333333,"Triplicate","Bob Dylan",1,37
"Underwater","Joshua Radin",12,0.469916666666667,191705.666666667,0.140666666666667,116.717333333333,"Underwater","Joshua Radin",1,37
"Whole Heart","Passion",11,0.353272727272727,362727.181818182,0.330445454545455,110.676181818182,"Whole Heart","Passion",1,37
"Wrongdoers","Norma Jean",11,0.283909090909091,269793.727272727,0.406745454545455,129.437,"Wrongdoers","Norma Jean",1,37
"OU812","Van Halen",10,0.434,302641.4,0.13439,134.1333,"OU812","Van Halen",48,37.0208333333333
"Shinin' On","Grand Funk Railroad",10,0.3882,284002.7,0.25045,123.8088,"Shinin' On","Grand Funk Railroad",29,37.0344827586207
"...Baby One More Time","Britney Spears",16,0.7210625,226210.125,0.16285625,104.8124375,"...Baby One More Time","Britney Spears",103,37.0776699029126
"Rufus Featuring Chaka Khan","Rufus And Chaka Khan",10,0.7148,235582.7,0.09478,103.1579,"Rufus Featuring Chaka Khan","Rufus And Chaka Khan",32,37.09375
"Everybody Loves Somebody","Dean Martin",12,0.425833333333333,164983.5,0.262475,119.849583333333,"Everybody Loves Somebody","Dean Martin",49,37.2857142857143
"The In Crowd","Ramsey Lewis Trio",9,0.508222222222222,261914.222222222,0.729333333333333,123.843,"The In Crowd","Ramsey Lewis Trio",47,37.3617021276596
"Harvest","Neil Young",10,0.5114,224782.6,0.20452,125.0034,"Harvest","Neil Young",41,37.3658536585366
"Midnight Magic","Commodores",9,0.628888888888889,260441.444444444,0.0767666666666667,114.378,"Midnight Magic","Commodores",41,37.4878048780488
"Every Picture Tells A Story","Rod Stewart",8,0.44725,306530,0.1275875,133.610625,"Every Picture Tells A Story","Rod Stewart",52,37.5192307692308
"A Man And His Music","Frank Sinatra",32,0.42859375,193411.6875,0.2258375,109.97484375,"A Man And His Music","Frank Sinatra",32,37.5625
"Marvin Gaye Live At The London Palladium","Marvin Gaye",13,0.473307692307692,360208.230769231,0.652592307692308,111.849076923077,"Marvin Gaye Live At The London Palladium","Marvin Gaye",26,37.5769230769231
"The Nylon Curtain","Billy Joel",9,0.507666666666667,276619.111111111,0.153377777777778,118.271888888889,"The Nylon Curtain","Billy Joel",35,37.6571428571429
"Earth","Jefferson Starship",9,0.445777777777778,278877.111111111,0.295122222222222,132.695888888889,"Earth","Jefferson Starship",34,37.7352941176471
"People","Barbra Streisand",12,0.2895,164828.833333333,0.192766666666667,94.3594166666667,"People","Barbra Streisand",84,37.7380952380952
"Get A Grip","Aerosmith",14,0.504357142857143,266854.214285714,0.322442857142857,123.256428571429,"Get A Grip","Aerosmith",92,37.8152173913044
"Today, Tomorrow, Forever","Nancy Wilson",12,0.5105,141107.833333333,0.111333333333333,99.8635833333333,"Today, Tomorrow, Forever","Nancy Wilson",30,37.9
"Keep On Movin'","Soul II Soul",10,0.7927,269913.5,0.12122,101.2055,"Keep On Movin'","Soul II Soul",51,37.9607843137255
"Tracy Chapman","Tracy Chapman",11,0.700545454545455,197202.545454545,0.132090909090909,112.214454545455,"Tracy Chapman","Tracy Chapman",61,37.9672131147541
"Keep On Pushing","The Impressions",12,0.588,159346.583333333,0.102358333333333,114.1945,"Keep On Pushing","The Impressions",34,37.9705882352941
"Ain't No Mountain High Enough: A Tribute To Hitsville U.S.A.","Michael Bolton",10,0.663,197659.4,0.11215,113.4059,"Ain't No Mountain High Enough: A Tribute To Hitsville U.S.A.","Michael Bolton",1,38
"Bad Intentions (EP)","Niykee Heaton",6,0.612833333333333,217982.333333333,0.140983333333333,126.554166666667,"Bad Intentions (EP)","Niykee Heaton",1,38
"Gone","Red",17,0.375058823529412,223361.470588235,0.181488235294118,119.592352941176,"Gone","Red",1,38
"Gossip","Sleeping With Sirens",11,0.537454545454545,203785.545454545,0.181309090909091,137.815727272727,"Gossip","Sleeping With Sirens",1,38
"I Am","Leona Lewis",15,0.5418,209932.466666667,0.158426666666667,122.0626,"I Am","Leona Lewis",1,38
"Kairi Chanel","Dave East",15,0.543133333333333,256167.2,0.157626666666667,122.1186,"Kairi Chanel","Dave East",1,38
"Live From The Ryman","Jason Isbell And The 400 Unit",13,0.360384615384615,271532.692307692,0.889846153846154,119.065230769231,"Live From The Ryman","Jason Isbell And The 400 Unit",1,38
"Reduxer","alt-J",11,0.663181818181818,234950.363636364,0.279890909090909,112.436272727273,"Reduxer","alt-J",1,38
"Soulrocker","Michael Franti & Spearhead",13,0.656307692307692,241967.307692308,0.241884615384615,122.167538461538,"Soulrocker","Michael Franti & Spearhead",1,38
"TLC","TLC",17,0.691764705882353,223631.294117647,0.213458823529412,114.408764705882,"TLC","TLC",1,38
"The Bus Songs","Toby Keith",12,0.644833333333333,210627.75,0.29265,123.672083333333,"The Bus Songs","Toby Keith",1,38
"This Is Living (EP)","Hillsong Young & Free",5,0.5664,274954.6,0.1382,119.1808,"This Is Living (EP)","Hillsong Young & Free",1,38
"Three Sixty","A Perfect Circle",19,0.482315789473684,277503.105263158,0.33918947368421,132.068736842105,"Three Sixty","A Perfect Circle",1,38
"Ram","Paul & Linda McCartney",7,0.694857142857143,268912.285714286,0.153771428571429,113.307142857143,"Ram","Paul & Linda McCartney",42,38.0238095238095
"Pieces Of You","Jewel",14,0.407428571428571,252254.285714286,0.2955,100.636714285714,"Pieces Of You","Jewel",114,38.0614035087719
"L-O-V-E","Nat King Cole",11,0.448454545454545,160684.363636364,0.176681818181818,110.089545454545,"L-O-V-E","Nat King Cole",38,38.1052631578947
"Breakaway","Kelly Clarkson",12,0.56375,223985.583333333,0.231583333333333,125.440833333333,"Breakaway","Kelly Clarkson",104,38.1346153846154
"Sixteen Stone","Bush",12,0.369416666666667,264422.166666667,0.1302,121.57975,"Sixteen Stone","Bush",109,38.2477064220183
"Bridge Of Sighs","Robin Trower",8,0.461625,281101.625,0.2168375,116.2635,"Bridge Of Sighs","Robin Trower",31,38.3870967741936
"Empty Glass","Pete Townshend",10,0.5719,240847.9,0.15038,142.4818,"Empty Glass","Pete Townshend",30,38.4
"Dear Heart","Andy Williams",12,0.246941666666667,157965.583333333,0.145583333333333,87.644,"Dear Heart","Andy Williams",65,38.4615384615385
"Repeat Offender","Richard Marx",11,0.539818181818182,269464.090909091,0.147218181818182,134.985272727273,"Repeat Offender","Richard Marx",66,38.4848484848485
"Something To Tell You","HAIM",11,0.616363636363636,232629.090909091,0.233209090909091,118.418909090909,"Something To Tell You","HAIM",2,38.5
"Spice","Spice Girls",10,0.6938,240500,0.16732,113.8875,"Spice","Spice Girls",105,38.5047619047619
"Broadway-My Way","Nancy Wilson",12,0.461583333333333,169550.083333333,0.179733333333333,121.390583333333,"Broadway-My Way","Nancy Wilson",59,38.5423728813559
"Hello Dolly","Louis Armstrong",12,0.5565,182968.5,0.140483333333333,124.043833333333,"Hello Dolly","Louis Armstrong",75,38.5866666666667
"Face Dances","The Who",14,0.5695,269787.714285714,0.251264285714286,128.266714285714,"Face Dances","The Who",20,38.7
"O Brother, Where Art Thou?","Soundtrack",19,0.539210526315789,191217.526315789,0.154768421052632,120.216578947368,"O Brother, Where Art Thou?","Soundtrack",112,38.7767857142857
"Whitesnake","Whitesnake",11,0.310454545454545,289069,0.189790909090909,123.041181818182,"Whitesnake","Whitesnake",76,38.9210526315789
"Summer Days (And Summer Nights!!)","The Beach Boys",12,0.553083333333333,133764.583333333,0.192125,127.024916666667,"Summer Days (And Summer Nights!!)","The Beach Boys",33,38.969696969697
"Act IV: Rebirth In Reprise","The Dear Hunter",15,0.378933333333333,298030.466666667,0.292186666666667,131.004133333333,"Act IV: Rebirth In Reprise","The Dear Hunter",1,39
"Black Rock","Joe Bonamassa",13,0.438769230769231,244532.307692308,0.222307692307692,130.543076923077,"Black Rock","Joe Bonamassa",1,39
"Fading West: The Edge Of The Earth - Unreleased Songs (EP) (Soundtrack)","Switchfoot",11,0.514090909090909,237831.454545455,0.154145454545455,124.146545454545,"Fading West: The Edge Of The Earth - Unreleased Songs (EP) (Soundtrack)","Switchfoot",1,39
"Forever Halloween","The Maine",17,0.460294117647059,229528.647058824,0.175317647058824,134.134235294118,"Forever Halloween","The Maine",1,39
"Front Row Seat","Josh Abbott Band",16,0.5320625,207559,0.16035,134.581125,"Front Row Seat","Josh Abbott Band",1,39
"Gemini, Her Majesty","RX Bandits",11,0.476818181818182,237846.909090909,0.181572727272727,148.491272727273,"Gemini, Her Majesty","RX Bandits",1,39
"I'm Not The Devil","Cody Jinks",13,0.543692307692308,230939.384615385,0.148346153846154,125.499153846154,"I'm Not The Devil","Cody Jinks",1,39
"In-Ter A-Li-A","At The Drive-In",11,0.352545454545455,224216.818181818,0.224418181818182,128.308454545455,"In-Ter A-Li-A","At The Drive-In",1,39
"Life Is Good (EP)","Jason Mraz",5,0.474,292509.4,0.9706,120.631,"Life Is Good (EP)","Jason Mraz",1,39
"Live From The Fox Oakland","Tedeschi Trucks Band",15,0.383933333333333,484323.8,0.793266666666667,128.782733333333,"Live From The Fox Oakland","Tedeschi Trucks Band",1,39
"Native Invader","Tori Amos",13,0.516230769230769,285846.230769231,0.166392307692308,123.974846153846,"Native Invader","Tori Amos",1,39
"One Lovely Day","Citizen Cope",10,0.611,211413.4,0.13825,109.6221,"One Lovely Day","Citizen Cope",1,39
"Primera Cita","CNCO",14,0.645428571428572,215077.142857143,0.226892857142857,108.855785714286,"Primera Cita","CNCO",1,39
"The Bedroom Tour Playlist","Niykee Heaton",13,0.681384615384615,216668.307692308,0.217061538461539,113.469615384615,"The Bedroom Tour Playlist","Niykee Heaton",1,39
"The Dream Walker","Angels & Airwaves",10,0.4375,240838.6,0.2402,139.8667,"The Dream Walker","Angels & Airwaves",1,39
"The Return","Nonpoint",13,0.520076923076923,211193.923076923,0.312230769230769,117.225769230769,"The Return","Nonpoint",1,39
"The World Is My Enemy Now","Upon A Burning Body",12,0.412166666666667,204665.583333333,0.267108333333333,137.622416666667,"The World Is My Enemy Now","Upon A Burning Body",1,39
"This Mixtape Is Fire (EP)","Dillon Francis",7,0.642714285714286,196611.428571429,0.324371428571429,115.627714285714,"This Mixtape Is Fire (EP)","Dillon Francis",1,39
"Yours,","Russell Dickerson",12,0.575666666666667,208717.833333333,0.165433333333333,121.017666666667,"Yours,","Russell Dickerson",1,39
"Z","SZA",10,0.5579,244625.7,0.16798,115.879,"Z","SZA",1,39
"Heartbeat City","The Cars",10,0.6982,232130.5,0.1432,140.799,"Heartbeat City","The Cars",69,39.0434782608696
"Blues For Allah","Grateful Dead",7,0.565142857142857,378909,0.189342857142857,125.916428571429,"Blues For Allah","Grateful Dead",13,39.1538461538462
"Beach Boys' Party!","The Beach Boys",12,0.534166666666667,155997.833333333,0.610916666666667,113.1795,"Beach Boys' Party!","The Beach Boys",24,39.2083333333333
"Kilroy Was Here","Styx",9,0.528,271625.333333333,0.233033333333333,123.205444444444,"Kilroy Was Here","Styx",34,39.2352941176471
"I'm Breathless","Madonna",12,0.61775,225198.916666667,0.136216666666667,117.12725,"I'm Breathless","Madonna",25,39.24
"West Side Story","Soundtrack",16,0.418875,255397.625,0.17233125,102.907875,"West Side Story","Soundtrack",136,39.3235294117647
"Long After Dark","Tom Petty And The Heartbreakers",10,0.5457,227365.4,0.24411,121.3042,"Long After Dark","Tom Petty And The Heartbreakers",31,39.4516129032258
"Days Of Wine And Roses","Andy Williams",12,0.358,154628.75,0.192158333333333,98.2375,"Days Of Wine And Roses","Andy Williams",122,39.4918032786885
"That's Christmas To Me","Pentatonix",16,0.53475,183035.8125,0.1657125,111.4764375,"That's Christmas To Me","Pentatonix",48,39.6875
"Fire","Ohio Players",28,0.571571428571429,330857.142857143,0.175642857142857,118.30875,"Fire","Ohio Players",29,39.7586206896552
"Skid Row","Skid Row",11,0.436909090909091,215689.727272727,0.2493,144.193272727273,"Skid Row","Skid Row",78,39.8333333333333
"Honey In The Horn","Al Hirt",12,0.411416666666667,147218.916666667,0.179341666666667,96.6625833333334,"Honey In The Horn","Al Hirt",104,39.875
"The Kingston Trio #16","The Kingston Trio",12,0.541666666666667,153163.333333333,0.260008333333333,120.6105,"The Kingston Trio #16","The Kingston Trio",41,39.9756097560976
"All Night Party","Casey Donahew",10,0.5714,211739.9,0.17549,132.6213,"All Night Party","Casey Donahew",1,40
"Anonymous","Stray From The Path",10,0.3238,228539.2,0.31367,124.4134,"Anonymous","Stray From The Path",1,40
"Big Mess","Grouplove",12,0.507,216527.166666667,0.173625,124.528416666667,"Big Mess","Grouplove",1,40
"Cilvia: Demo","Isaiah Rashad",14,0.608,211679,0.30865,110.271071428571,"Cilvia: Demo","Isaiah Rashad",1,40
"Codename: Ego Stripper","Ces Cru",18,0.581444444444445,216695.5,0.258666666666667,125.239111111111,"Codename: Ego Stripper","Ces Cru",1,40
"Disease","Beartooth",12,0.506333333333333,205532.333333333,0.399608333333333,128.094666666667,"Disease","Beartooth",1,40
"Go","Rob Bailey & The Hustle Standard",9,0.547888888888889,226205.777777778,0.299222222222222,125.775111111111,"Go","Rob Bailey & The Hustle Standard",1,40
"Honey","Robyn",9,0.724,269698.666666667,0.108855555555556,114.226333333333,"Honey","Robyn",1,40
"Kentucky","Black Stone Cherry",15,0.4098,241599.466666667,0.139286666666667,141.441533333333,"Kentucky","Black Stone Cherry",1,40
"Lower The Bar","Steel Panther",11,0.471181818181818,214533.909090909,0.198445454545455,146.401818181818,"Lower The Bar","Steel Panther",1,40
"Makes Me Sick","New Found Glory",10,0.4939,204899.7,0.18704,128.0303,"Makes Me Sick","New Found Glory",1,40
"Money Sucks Friends Rule","Dillon Francis",12,0.60525,227428.833333333,0.280483333333333,122.41,"Money Sucks Friends Rule","Dillon Francis",1,40
"No Sleep","Volumes",10,0.4573,204220.1,0.19673,112.9175,"No Sleep","Volumes",1,40
"PRhyme 2","PRhyme",17,0.515294117647059,187446.411764706,0.234764705882353,97.0857058823529,"PRhyme 2","PRhyme",1,40
"Part Of The Light","Ray LaMontagne",9,0.386444444444444,306884.555555556,0.110233333333333,122.263333333333,"Part Of The Light","Ray LaMontagne",1,40
"Rage & The Machine","Joe Budden",11,0.492363636363636,227871.636363636,0.164727272727273,110.885272727273,"Rage & The Machine","Joe Budden",1,40
"SQUARE UP (EP)","BLACKPINK",4,0.67675,210772,0.30355,124.7005,"SQUARE UP (EP)","BLACKPINK",1,40
"Speak In Code","Eve 6",12,0.560083333333333,210419.916666667,0.22465,129.331166666667,"Speak In Code","Eve 6",1,40
"The Project","Lindsay Ell",12,0.64,204249,0.098925,106.509333333333,"The Project","Lindsay Ell",1,40
"What If Nothing","WALK THE MOON",13,0.591230769230769,257467.538461538,0.1942,124.483615384615,"What If Nothing","WALK THE MOON",1,40
"Tunnel Of Love","Bruce Springsteen",12,0.63075,229388.916666667,0.14775,117.732333333333,"Tunnel Of Love","Bruce Springsteen",45,40.0888888888889
"Surfacing","Sarah McLachlan",10,0.4749,247578.6,0.1112,106.3599,"Surfacing","Sarah McLachlan",108,40.1203703703704
"Goodbye","Cream",6,0.405166666666667,307017.5,0.366516666666667,137.472,"Goodbye","Cream",26,40.1923076923077
"The Basement Tapes","Bob Dylan And The Band",24,0.485291666666667,193656.666666667,0.193,123.638333333333,"The Basement Tapes","Bob Dylan And The Band",14,40.2142857142857
"The Second Barbra Streisand Album","Barbra Streisand",11,0.302363636363636,202293.363636364,0.217390909090909,111.598,"The Second Barbra Streisand Album","Barbra Streisand",74,40.2162162162162
"Love","Michael Buble",13,0.450769230769231,207991.153846154,0.158307692307692,105.183538461538,"Love","Michael Buble",8,40.25
"The Sound Of Music","Soundtrack",16,0.379625,169719.25,0.2069125,100.062375,"The Sound Of Music","Soundtrack",238,40.281512605042
"One Of These Nights","Eagles",9,0.496888888888889,286837.111111111,0.138177777777778,113.467555555556,"One Of These Nights","Eagles",56,40.2857142857143
"The Lonesome Jubilee","John Mellencamp",11,0.664636363636364,226619.454545455,0.192427272727273,123.909,"The Lonesome Jubilee","John Mellencamp",53,40.3207547169811
"Mary Poppins","Soundtrack",28,0.39175,176383.25,0.198117857142857,108.252678571429,"Mary Poppins","Soundtrack",122,40.344262295082
"By The Way, I Forgive You","Brandi Carlile",10,0.4451,260529.2,0.13389,111.5698,"By The Way, I Forgive You","Brandi Carlile",2,40.5
"Good Girl Gone Bad","Rihanna",15,0.668466666666667,228429.333333333,0.142013333333333,123.522133333333,"Good Girl Gone Bad","Rihanna",99,40.5252525252525
"Sounds Like...","Herb Alpert & The Tijuana Brass",11,0.653363636363636,149686.272727273,0.156654545454545,125.196727272727,"Sounds Like...","Herb Alpert & The Tijuana Brass",53,40.5471698113208
"Sinatra '65","Frank Sinatra",11,0.355818181818182,185643.727272727,0.197536363636364,120.122727272727,"Sinatra '65","Frank Sinatra",44,40.5681818181818
"Have You Never Been Mellow","Olivia Newton-John",11,0.501818181818182,202341.818181818,0.1296,119.283272727273,"Have You Never Been Mellow","Olivia Newton-John",31,40.6129032258064
"Look Around","Sergio Mendes",10,0.5714,183309.3,0.13577,110.9902,"Look Around","Sergio Mendes",51,40.6666666666667
"Joan Baez In Concert","Joan Baez",16,0.397625,219410.75,0.6675,120.029875,"Joan Baez In Concert","Joan Baez",104,40.6730769230769
"More Life","Drake",22,0.759,222688.227272727,0.259368181818182,118.281681818182,"More Life","Drake",94,40.6808510638298
"Love Zone","Billy Ocean",13,0.704461538461538,320625.538461538,0.161284615384615,112.114538461538,"Love Zone","Billy Ocean",48,40.6875
"The Writing's On The Wall","Destiny's Child",16,0.6903125,243839.1875,0.13535,108.2343125,"The Writing's On The Wall","Destiny's Child",99,40.8484848484849
"All We Know Of Heaven, All We Need Of Hell","PVRIS",10,0.5002,258098.7,0.18283,117.9181,"All We Know Of Heaven, All We Need Of Hell","PVRIS",1,41
"Borderland","John Mark McMillan",11,0.493818181818182,300654.272727273,0.134427272727273,129.556545454545,"Borderland","John Mark McMillan",1,41
"Directors Of Photography","Dilated Peoples",18,0.607777777777778,215974.833333333,0.407866666666667,97.0322222222222,"Directors Of Photography","Dilated Peoples",1,41
"Free Rein","Rebelution",12,0.7335,217906.166666667,0.147975,126.694583333333,"Free Rein","Rebelution",1,41
"I Don't Believe We've Met","Danielle Bradbery",10,0.6009,201344,0.18105,110.5386,"I Don't Believe We've Met","Danielle Bradbery",1,41
"I Will Trust","Fred Hammond",13,0.441538461538462,363172.153846154,0.167292307692308,124.429538461538,"I Will Trust","Fred Hammond",1,41
"Long Live The Angels","Emeli Sande",18,0.507833333333333,207546,0.158705555555556,115.970166666667,"Long Live The Angels","Emeli Sande",1,41
"Punk Goes 90s: Vol. 2","Various Artists",12,0.446583333333333,239308.833333333,0.20435,133.541083333333,"Punk Goes 90s: Vol. 2","Various Artists",1,41
"Red Pill Blues","Maroon 5",16,0.71675,244062.625,0.13298125,111.3943125,"Red Pill Blues","Maroon 5",61,41
"STOKELEY","Ski Mask The Slump God",13,0.839461538461538,149618.538461538,0.173461538461539,128.998,"STOKELEY","Ski Mask The Slump God",6,41
"Something Like This","Ben Rector",11,0.510272727272727,209181.636363636,0.225781818181818,134.626454545455,"Something Like This","Ben Rector",1,41
"Straight To DVD II: Past, Present And Future Hearts","All Time Low",21,0.412285714285714,225128.428571429,0.682847619047619,138.542285714286,"Straight To DVD II: Past, Present And Future Hearts","All Time Low",1,41
"The Critics Give It 5 Stars","Bobby Bones And The Raging Idiots",13,0.626307692307692,157703.692307692,0.238146153846154,124.520923076923,"The Critics Give It 5 Stars","Bobby Bones And The Raging Idiots",1,41
"The Prelude Implicit","Kansas",10,0.469,320536.2,0.2581,133.5368,"The Prelude Implicit","Kansas",1,41
"The Voice: The Complete Season 7 Collection","Craig Wayne Boyd",12,0.489,192079.583333333,0.215658333333333,122.79775,"The Voice: The Complete Season 7 Collection","Craig Wayne Boyd",1,41
"Transpose (EP)","Bad Suns",4,0.64975,200798,0.176775,113.7355,"Transpose (EP)","Bad Suns",1,41
"Waiting On A Song","Dan Auerbach",10,0.5736,196256.1,0.2273,120.0133,"Waiting On A Song","Dan Auerbach",1,41
"Foolish Behaviour","Rod Stewart",10,0.6048,246722.7,0.16763,115.2646,"Foolish Behaviour","Rod Stewart",21,41.1428571428571
